{
    "id": "20250527_184931_71_2511",
    "type": "Feature",
    "geometry": {
        "type": "Polygon",
        "coordinates": [
            [
                [
                    -116.33530653,
                    34.05820166
                ],
                [
                    -116.33530653,
                    34.07368853
                ],
                [
                    -116.31930893,
                    34.07368853
                ],
                [
                    -116.31930893,
                    34.05820166
                ],
                [
                    -116.33530653,
                    34.05820166
                ]
            ]
        ]
    },
    "properties": {
        "acquired": "2025-05-27T18:49:31.714751Z",
        "anomalous_pixels": 0,
        "clear_confidence_percent": 99,
        "clear_percent": 100,
        "cloud_cover": 0.0,
        "cloud_percent": 0,
        "ground_control": true,
        "gsd": 3.7,
        "heavy_haze_percent": 0,
        "instrument": "PSB.SD",
        "item_type": "PSScene",
        "light_haze_percent": 0,
        "pixel_resolution": 3,
        "provider": "planetscope",
        "published": "2025-05-28T02:34:33Z",
        "publishing_stage": "finalized",
        "quality_category": "standard",
        "satellite_azimuth": 264.2,
        "satellite_id": "2511",
        "shadow_percent": 0,
        "snow_ice_percent": 0,
        "strip_id": "8094341",
        "sun_azimuth": 133.5,
        "sun_elevation": 72.6,
        "updated": "2025-05-28T09:57:31Z",
        "view_angle": 0.9,
        "visible_confidence_percent": 99,
        "visible_percent": 100
    }
}