{
    "id": "20250602_185735_34_250f",
    "type": "Feature",
    "geometry": {
        "type": "Polygon",
        "coordinates": [
            [
                [
                    -116.33530653,
                    34.05820166
                ],
                [
                    -116.33530653,
                    34.07368853
                ],
                [
                    -116.31930893,
                    34.07368853
                ],
                [
                    -116.31930893,
                    34.05820166
                ],
                [
                    -116.33530653,
                    34.05820166
                ]
            ]
        ]
    },
    "properties": {
        "acquired": "2025-06-02T18:57:35.342506Z",
        "anomalous_pixels": 0,
        "clear_confidence_percent": 99,
        "clear_percent": 100,
        "cloud_cover": 0.0,
        "cloud_percent": 0,
        "ground_control": true,
        "gsd": 3.9,
        "heavy_haze_percent": 0,
        "instrument": "PSB.SD",
        "item_type": "PSScene",
        "light_haze_percent": 0,
        "pixel_resolution": 3,
        "provider": "planetscope",
        "published": "2025-06-02T23:06:55Z",
        "publishing_stage": "finalized",
        "quality_category": "standard",
        "satellite_azimuth": 277.2,
        "satellite_id": "250f",
        "shadow_percent": 0,
        "snow_ice_percent": 0,
        "strip_id": "8106800",
        "sun_azimuth": 135.7,
        "sun_elevation": 74.3,
        "updated": "2025-06-03T04:10:21Z",
        "view_angle": 4.5,
        "visible_confidence_percent": 99,
        "visible_percent": 100
    }
}