{
    "geometry": {
        "coordinates": [
            [
                [
                    -116.33530653,
                    34.05820166
                ],
                [
                    -116.33530653,
                    34.07368853
                ],
                [
                    -116.31930893,
                    34.07368853
                ],
                [
                    -116.31930893,
                    34.05820166
                ],
                [
                    -116.33530653,
                    34.05820166
                ]
            ]
        ],
        "type": "Polygon"
    },
    "properties": {
        "acquired": "2025-06-09T18:53:58.152451Z",
        "anomalous_pixels": 0.0,
        "clear_confidence_percent": 99,
        "clear_percent": 100,
        "cloud_cover": 0.0,
        "cloud_percent": 0,
        "ground_control": true,
        "gsd": 3.6,
        "heavy_haze_percent": 0,
        "instrument": "PSB.SD",
        "item_type": "PSScene",
        "light_haze_percent": 0,
        "pixel_resolution": 3.0,
        "publishing_stage": "finalized",
        "quality_category": "standard",
        "satellite_azimuth": 275.7,
        "satellite_id": "24d7",
        "shadow_percent": 0,
        "snow_ice_percent": 0,
        "strip_id": "8121430",
        "sun_azimuth": 130.6,
        "sun_elevation": 74.1,
        "updated": "2025-06-10T22:36:54Z",
        "view_angle": 3.0,
        "visible_confidence_percent": 99,
        "visible_percent": 100
    },
    "type": "Feature"
}