{
    "id": "20250530_184920_65_250a",
    "type": "Feature",
    "geometry": {
        "type": "Polygon",
        "coordinates": [
            [
                [
                    -116.33530653,
                    34.05820166
                ],
                [
                    -116.33530653,
                    34.07368853
                ],
                [
                    -116.31930893,
                    34.07368853
                ],
                [
                    -116.31930893,
                    34.05820166
                ],
                [
                    -116.33530653,
                    34.05820166
                ]
            ]
        ]
    },
    "properties": {
        "acquired": "2025-05-30T18:49:20.652357Z",
        "anomalous_pixels": 0,
        "clear_confidence_percent": 98,
        "clear_percent": 100,
        "cloud_cover": 0.0,
        "cloud_percent": 0,
        "ground_control": true,
        "gsd": 3.7,
        "heavy_haze_percent": 0,
        "instrument": "PSB.SD",
        "item_type": "PSScene",
        "light_haze_percent": 0,
        "pixel_resolution": 3,
        "provider": "planetscope",
        "published": "2025-05-30T23:05:45Z",
        "publishing_stage": "finalized",
        "quality_category": "standard",
        "satellite_azimuth": 277.1,
        "satellite_id": "250a",
        "shadow_percent": 0,
        "snow_ice_percent": 0,
        "strip_id": "8100472",
        "sun_azimuth": 131.7,
        "sun_elevation": 72.8,
        "updated": "2025-05-31T03:57:03Z",
        "view_angle": 4.4,
        "visible_confidence_percent": 98,
        "visible_percent": 100
    }
}