{
    "id": "20250607_185504_41_24f2",
    "type": "Feature",
    "geometry": {
        "type": "Polygon",
        "coordinates": [
            [
                [
                    -116.33530653,
                    34.05820166
                ],
                [
                    -116.33530653,
                    34.07368853
                ],
                [
                    -116.31930893,
                    34.07368853
                ],
                [
                    -116.31930893,
                    34.05820166
                ],
                [
                    -116.33530653,
                    34.05820166
                ]
            ]
        ]
    },
    "properties": {
        "acquired": "2025-06-07T18:55:04.411857Z",
        "anomalous_pixels": 0,
        "clear_confidence_percent": 99,
        "clear_percent": 100,
        "cloud_cover": 0.0,
        "cloud_percent": 0,
        "ground_control": true,
        "gsd": 3.6,
        "heavy_haze_percent": 0,
        "instrument": "PSB.SD",
        "item_type": "PSScene",
        "light_haze_percent": 0,
        "pixel_resolution": 3,
        "provider": "planetscope",
        "published": "2025-06-07T23:00:58Z",
        "publishing_stage": "finalized",
        "quality_category": "standard",
        "satellite_azimuth": 275.6,
        "satellite_id": "24f2",
        "shadow_percent": 0,
        "snow_ice_percent": 0,
        "strip_id": "8117431",
        "sun_azimuth": 132.8,
        "sun_elevation": 74.3,
        "updated": "2025-06-08T03:57:11Z",
        "view_angle": 3,
        "visible_confidence_percent": 99,
        "visible_percent": 100
    }
}